{"yago": {"size_subjects": 490841702.0, "size_triples": 1620915827.0, "languages_share": {"": 1.0}, "entities_2_5_lang": 0.019393138279029113, "number_languages": 345.0, "entities_11_50_lang": 0.0010872853668003946, "unambiguity": 0.004097347458060929, "subject_labeling": 0.036237295909303156, "entities_1_lang": 0.014249948550622539, "entities_50+_lang": 3.305342625513103e-05, "class_labeling": 0.014002354456809045, "entities_6_10_lang": 0.0014738702865959828}, "dbpedia": {"size_subjects": [], "size_triples": 2792021675.0, "languages_share": {"es": 1.0}, "entities_2_5_lang": [], "number_languages": 33.0, "entities_11_50_lang": [], "unambiguity": 1, "subject_labeling": [], "entities_1_lang": [], "entities_50+_lang": 0, "class_labeling": 0.000981228580812953, "entities_6_10_lang": []}, "linkedmdb": {"size_subjects": 695493.0, "size_triples": 6153722.0, "languages_share": {"": 1.0}, "entities_2_5_lang": 0.0, "number_languages": 1.0, "entities_11_50_lang": 0.0, "unambiguity": 0.0, "subject_labeling": 0.9568378114517327, "entities_1_lang": 0.9568378114517327, "entities_50+_lang": 0.0, "class_labeling": 0.05555555555555555, "entities_6_10_lang": 0.0}, "wikidata": {"size_subjects": 116982561.0, "size_triples": 3958827592.0, "languages_share": {"": 1.0}, "entities_2_5_lang": 0.24243536607135827, "number_languages": 441.0, "entities_11_50_lang": 0.03924023342248423, "unambiguity": 0.0, "subject_labeling": 0.48025701882180544, "entities_1_lang": 0.16227380250292178, "entities_50+_lang": 0.009181718974334986, "class_labeling": 0.009695290858725761, "entities_6_10_lang": 0.02712589785070614}, "musicbrainz": {"size_subjects": 52545745.0, "size_triples": 238769992.0, "languages_share": {"": 1.0}, "entities_2_5_lang": 0.0, "number_languages": 1.0, "entities_11_50_lang": 0.0, "unambiguity": 0.0, "subject_labeling": 0.002769339363253866, "entities_1_lang": 0.002769339363253866, "entities_50+_lang": 0.0, "class_labeling": 0.12903225806451613, "entities_6_10_lang": 0.0}}